{
 "__title__": [
  "x of contact position",
  "y of contact position",
  "z of contact position",
  "x of contact normal",
  "y of contact normal",
  "z of contact normal",
  "force magnitude",
  "x of pusher position",
  "y of pusher position",
  "z of pusher position",
  "x of ground truth object pose",
  "y of ground truth object pose",
  "z of ground truth object pose",
  "yaw of ground truth object pose"
 ],
 "all_contacts": [
  [
   -0.35877280600693595,
   0.0006579080471938236,
   0,
   0.999999999869578,
   1.614861338140917e-05,
   0,
   0.0,
   -0.3399799868409648,
   0.0002822270532862183,
   0,
   -0.4040928310044156,
   -2.4354557259732446e-05,
   0,
   1.615224938260454e-05
  ],
  [
   -0.360803269446042,
   0.0009300905092044124,
   0,
   0.999999999869578,
   1.614861338140917e-05,
   0,
   0.44542564339649243,
   -0.3408123098817357,
   0.0021008084663116503,
   0,
   -0.4058045110504584,
   6.834828989133331e-05,
   0,
   0.001420029498798014
  ],
  [
   -0.3617252915555378,
   0.0025357153742215296,
   0,
   0.9999981794510505,
   0.0019081566372241485,
   0,
   0.49373187257971274,
   -0.34164463292250663,
   0.003919389879337083,
   0,
   -0.40671438283471933,
   0.00012559955368340381,
   0,
   0.0019268183775727385
  ],
  [
   -0.3625622826923617,
   0.004293638076292055,
   0,
   0.9999958245852736,
   0.0028896941824320885,
   0,
   0.4903973618225144,
   -0.34248039524421,
   0.0057363932754510615,
   0,
   -0.40754364400141857,
   0.00017900582222883082,
   0,
   0.0028939621131580935
  ]
 ],
 "offset": [
  -0.4,
  0,
  0
 ],
 "probe_radius": 0.02,
 "shape_id": "rect1"
}